{"stats":{"minecraft:used":{"minecraft:dirt":20},"minecraft:custom":{"minecraft:jump":168,"minecraft:time_since_rest":2010,"minecraft:leave_game":1,"minecraft:deaths":1,"minecraft:damage_dealt":9,"minecraft:damage_taken":715,"minecraft:crouch_one_cm":797,"minecraft:sprint_one_cm":11311,"minecraft:play_time":22830,"minecraft:walk_on_water_one_cm":1941,"minecraft:time_since_death":1942,"minecraft:walk_one_cm":15696,"minecraft:sneak_time":194,"minecraft:total_world_time":22830,"minecraft:walk_under_water_one_cm":326,"minecraft:swim_one_cm":2626,"minecraft:fall_one_cm":9190,"minecraft:fly_one_cm":20809},"minecraft:picked_up":{"minecraft:dirt":20},"minecraft:mined":{"minecraft:grass_block":14,"minecraft:dirt":6}},"DataVersion":3465}